year_month,no_of_rainy_days,total_rainfall,accidents_with_fatalities,accidents_with_injuries,year,month,average_rainfall,total_accidents
1982-01,10,107.1,,,1982,01,10.709999999999999,
1982-02,5,27.8,,,1982,02,5.5600000000000005,
1982-03,11,160.8,,,1982,03,14.618181818181819,
1982-04,14,157.0,,,1982,04,11.214285714285714,
1982-05,10,102.2,,,1982,05,10.22,
1982-06,8,59.5,,,1982,06,7.4375,
1982-07,8,76.3,,,1982,07,9.5375,
1982-08,11,169.5,,,1982,08,15.409090909090908,
1982-09,9,54.1,,,1982,09,6.011111111111111,
1982-10,10,39.3,,,1982,10,3.9299999999999997,
1982-11,13,134.0,,,1982,11,10.307692307692308,
1982-12,21,494.1,,,1982,12,23.52857142857143,
1983-01,18,246.0,,,1983,01,13.666666666666666,
1983-02,2,5.6,,,1983,02,2.8,
1983-03,2,18.6,,,1983,03,9.3,
1983-04,4,33.6,,,1983,04,8.4,
1983-05,11,160.8,,,1983,05,14.618181818181819,
1983-06,11,94.0,,,1983,06,8.545454545454545,
1983-07,18,190.0,,,1983,07,10.555555555555555,
1983-08,10,262.2,,,1983,08,26.22,
1983-09,18,170.8,,,1983,09,9.488888888888889,
1983-10,17,212.7,,,1983,10,12.511764705882353,
1983-11,18,228.8,,,1983,11,12.711111111111112,
1983-12,16,370.6,,,1983,12,23.1625,
1984-01,18,251.2,,,1984,01,13.955555555555556,
1984-02,19,470.4,,,1984,02,24.757894736842104,
1984-03,19,361.3,,,1984,03,19.01578947368421,
1984-04,17,153.1,,,1984,04,9.005882352941176,
1984-05,12,186.5,,,1984,05,15.541666666666666,
1984-06,14,255.0,,,1984,06,18.214285714285715,
1984-07,12,127.2,,,1984,07,10.6,
1984-08,13,102.7,,,1984,08,7.9,
1984-09,17,186.7,,,1984,09,10.98235294117647,
1984-10,11,187.5,,,1984,10,17.045454545454547,
1984-11,17,127.7,,,1984,11,7.511764705882353,
1984-12,22,277.4,,,1984,12,12.609090909090908,
1985-01,7,111.1,,,1985,01,15.87142857142857,
1985-02,11,79.3,,,1985,02,7.209090909090909,
1985-03,13,88.0,,,1985,03,6.769230769230769,
1985-04,14,110.5,,,1985,04,7.892857142857143,
1985-05,12,70.1,,,1985,05,5.841666666666666,
1985-06,14,37.0,,,1985,06,2.642857142857143,
1985-07,17,131.8,,,1985,07,7.752941176470589,
1985-08,11,56.9,,,1985,08,5.172727272727273,
1985-09,18,110.7,,,1985,09,6.15,
1985-10,21,169.0,,,1985,10,8.047619047619047,
1985-11,21,179.4,,,1985,11,8.542857142857143,
1985-12,22,340.1,,,1985,12,15.45909090909091,
1986-01,13,308.2,,,1986,01,23.707692307692305,
1986-02,2,26.7,,,1986,02,13.35,
1986-03,17,353.4,,,1986,03,20.788235294117644,
1986-04,14,150.0,,,1986,04,10.714285714285714,
1986-05,13,145.1,,,1986,05,11.161538461538461,
1986-06,13,122.9,,,1986,06,9.453846153846154,
1986-07,12,109.7,,,1986,07,9.141666666666667,
1986-08,11,72.9,,,1986,08,6.627272727272728,
1986-09,22,396.0,,,1986,09,18.0,
1986-10,20,227.3,,,1986,10,11.365,
1986-11,21,256.7,,,1986,11,12.223809523809523,
1986-12,16,367.2,,,1986,12,22.95,
1987-01,16,568.6,,,1987,01,35.5375,
1987-02,7,86.9,,,1987,02,12.414285714285715,
1987-03,12,132.5,,,1987,03,11.041666666666666,
1987-04,10,72.5,,,1987,04,7.25,
1987-05,16,270.0,,,1987,05,16.875,
1987-06,15,126.6,,,1987,06,8.44,
1987-07,11,80.9,,,1987,07,7.354545454545455,
1987-08,16,191.9,,,1987,08,11.99375,
1987-09,11,129.9,,,1987,09,11.80909090909091,
1987-10,9,22.6,,,1987,10,2.511111111111111,
1987-11,17,347.6,,,1987,11,20.447058823529414,
1987-12,11,72.8,,,1987,12,6.618181818181818,
1988-01,15,237.5,,,1988,01,15.833333333333334,
1988-02,9,158.1,,,1988,02,17.566666666666666,
1988-03,15,186.8,,,1988,03,12.453333333333335,
1988-04,13,109.6,,,1988,04,8.430769230769231,
1988-05,14,229.6,,,1988,05,16.4,
1988-06,13,252.2,,,1988,06,19.4,
1988-07,15,305.4,,,1988,07,20.36,
1988-08,14,80.1,,,1988,08,5.721428571428571,
1988-09,14,440.4,,,1988,09,31.457142857142856,
1988-10,17,134.6,,,1988,10,7.917647058823529,
1988-11,23,401.4,,,1988,11,17.452173913043477,
1988-12,11,62.9,,,1988,12,5.718181818181818,
1989-01,10,189.7,,,1989,01,18.97,
1989-02,3,52.4,,,1989,02,17.466666666666665,
1989-03,21,305.9,,,1989,03,14.566666666666666,
1989-04,17,198.6,,,1989,04,11.68235294117647,
1989-05,12,194.0,,,1989,05,16.166666666666668,
1989-06,12,117.6,,,1989,06,9.799999999999999,
1989-07,12,157.6,,,1989,07,13.133333333333333,
1989-08,18,201.0,,,1989,08,11.166666666666666,
1989-09,14,247.3,,,1989,09,17.664285714285715,
1989-10,16,111.0,,,1989,10,6.9375,
1989-11,20,508.4,,,1989,11,25.419999999999998,
1989-12,18,179.7,,,1989,12,9.983333333333333,
1990-01,13,147.4,,,1990,01,11.338461538461539,
1990-02,8,24.1,,,1990,02,3.0125,
1990-03,4,94.2,,,1990,03,23.55,
1990-04,10,52.4,,,1990,04,5.24,
1990-05,11,180.1,,,1990,05,16.37272727272727,
1990-06,9,112.6,,,1990,06,12.511111111111111,
1990-07,12,124.0,,,1990,07,10.333333333333334,
1990-08,13,146.6,,,1990,08,11.276923076923076,
1990-09,17,204.5,,,1990,09,12.029411764705882,
1990-10,12,56.4,,,1990,10,4.7,
1990-11,17,180.4,,,1990,11,10.611764705882353,
1990-12,16,201.1,,,1990,12,12.56875,
1991-01,13,123.9,,,1991,01,9.53076923076923,
1991-02,7,45.5,,,1991,02,6.5,
1991-03,10,92.4,,,1991,03,9.24,
1991-04,13,134.2,,,1991,04,10.323076923076922,
1991-05,23,256.4,,,1991,05,11.14782608695652,
1991-06,9,88.7,,,1991,06,9.855555555555556,
1991-07,8,37.3,,,1991,07,4.6625,
1991-08,8,226.2,,,1991,08,28.275,
1991-09,12,123.1,,,1991,09,10.258333333333333,
1991-10,5,52.0,,,1991,10,10.4,
1991-11,19,205.0,,,1991,11,10.789473684210526,
1991-12,19,492.3,,,1991,12,25.910526315789475,
1992-01,9,83.9,,,1992,01,9.322222222222223,
1992-02,4,62.4,,,1992,02,15.6,
1992-03,6,67.6,,,1992,03,11.266666666666666,
1992-04,13,160.3,,,1992,04,12.330769230769231,
1992-05,13,63.1,,,1992,05,4.853846153846154,
1992-06,14,162.8,,,1992,06,11.62857142857143,
1992-07,19,290.8,,,1992,07,15.305263157894737,
1992-08,11,76.1,,,1992,08,6.918181818181818,
1992-09,13,83.6,,,1992,09,6.43076923076923,
1992-10,20,233.2,,,1992,10,11.66,
1992-11,18,474.3,,,1992,11,26.35,
1992-12,23,502.7,,,1992,12,21.856521739130436,
1993-01,11,176.4,,,1993,01,16.036363636363635,
1993-02,8,69.2,,,1993,02,8.65,
1993-03,14,250.5,,,1993,03,17.892857142857142,
1993-04,20,283.9,,,1993,04,14.194999999999999,
1993-05,10,129.9,,,1993,05,12.99,
1993-06,17,115.5,,,1993,06,6.794117647058823,
1993-07,15,240.0,,,1993,07,16.0,
1993-08,11,106.8,,,1993,08,9.709090909090909,
1993-09,7,61.7,,,1993,09,8.814285714285715,
1993-10,13,175.5,,,1993,10,13.5,
1993-11,18,250.8,,,1993,11,13.933333333333334,
1993-12,19,308.5,,,1993,12,16.236842105263158,
1994-01,7,56.9,,,1994,01,8.128571428571428,
1994-02,15,133.5,,,1994,02,8.9,
1994-03,19,288.2,,,1994,03,15.168421052631578,
1994-04,15,154.0,,,1994,04,10.266666666666667,
1994-05,16,169.6,,,1994,05,10.6,
1994-06,14,184.7,,,1994,06,13.192857142857141,
1994-07,6,53.8,,,1994,07,8.966666666666667,
1994-08,12,45.1,,,1994,08,3.7583333333333333,
1994-09,6,23.7,,,1994,09,3.9499999999999997,
1994-10,11,84.7,,,1994,10,7.7,
1994-11,21,322.2,,,1994,11,15.342857142857142,
1994-12,18,425.4,,,1994,12,23.633333333333333,
1995-01,21,349.4,,,1995,01,16.638095238095236,
1995-02,16,334.0,,,1995,02,20.875,
1995-03,10,67.7,,,1995,03,6.7700000000000005,
1995-04,16,242.3,,,1995,04,15.14375,
1995-05,11,84.4,,,1995,05,7.672727272727273,
1995-06,12,63.7,,,1995,06,5.308333333333334,
1995-07,13,173.6,,,1995,07,13.353846153846153,
1995-08,21,211.6,,,1995,08,10.076190476190476,
1995-09,7,29.5,,,1995,09,4.214285714285714,
1995-10,12,101.1,,,1995,10,8.424999999999999,
1995-11,20,372.8,,,1995,11,18.64,
1995-12,20,302.5,,,1995,12,15.125,
1996-01,10,173.2,,,1996,01,17.32,
1996-02,11,180.2,,,1996,02,16.38181818181818,
1996-03,8,129.7,,,1996,03,16.2125,
1996-04,15,178.2,,,1996,04,11.879999999999999,
1996-05,15,107.5,,,1996,05,7.166666666666667,
1996-06,15,265.8,,,1996,06,17.720000000000002,
1996-07,10,162.3,,,1996,07,16.23,
1996-08,18,258.4,,,1996,08,14.355555555555554,
1996-09,18,297.0,,,1996,09,16.5,
1996-10,19,300.0,,,1996,10,15.789473684210526,
1996-11,16,180.2,,,1996,11,11.2625,
1996-12,15,185.5,,,1996,12,12.366666666666667,
1997-01,3,15.4,,,1997,01,5.133333333333334,
1997-02,8,105.4,,,1997,02,13.175,
1997-03,10,34.3,,,1997,03,3.4299999999999997,
1997-04,12,118.4,,,1997,04,9.866666666666667,
1997-05,6,41.6,,,1997,05,6.933333333333334,
1997-06,12,78.9,,,1997,06,6.575,
1997-07,9,18.6,,,1997,07,2.066666666666667,
1997-08,9,86.6,,,1997,08,9.622222222222222,
1997-09,3,31.1,,,1997,09,10.366666666666667,
1997-10,8,78.4,,,1997,10,9.8,
1997-11,13,158.3,,,1997,11,12.176923076923078,
1997-12,23,351.9,,,1997,12,15.299999999999999,
1998-01,13,268.8,,,1998,01,20.676923076923078,
1998-02,5,32.5,,,1998,02,6.5,
1998-03,7,58.8,,,1998,03,8.4,
1998-04,13,187.7,,,1998,04,14.438461538461537,
1998-05,18,370.8,,,1998,05,20.6,
1998-06,15,198.8,,,1998,06,13.253333333333334,
1998-07,18,259.2,,,1998,07,14.399999999999999,
1998-08,18,195.0,,,1998,08,10.833333333333334,
1998-09,17,258.2,,,1998,09,15.188235294117646,
1998-10,20,222.7,,,1998,10,11.135,
1998-11,11,107.2,,,1998,11,9.745454545454546,
1998-12,22,463.4,,,1998,12,21.063636363636363,
1999-01,19,193.9,,,1999,01,10.205263157894738,
1999-02,9,67.4,,,1999,02,7.48888888888889,
1999-03,16,181.4,,,1999,03,11.3375,
1999-04,14,88.5,,,1999,04,6.321428571428571,
1999-05,13,157.1,,,1999,05,12.084615384615384,
1999-06,13,103.4,,,1999,06,7.953846153846154,
1999-07,11,225.4,,,1999,07,20.490909090909092,
1999-08,13,204.0,,,1999,08,15.692307692307692,
1999-09,13,125.9,,,1999,09,9.684615384615386,
1999-10,20,205.0,,,1999,10,10.25,
1999-11,19,241.5,,,1999,11,12.710526315789474,
1999-12,17,340.5,,,1999,12,20.029411764705884,
2000-01,14,275.2,,,2000,01,19.657142857142855,
2000-02,18,237.8,,,2000,02,13.211111111111112,
2000-03,15,238.3,,,2000,03,15.886666666666667,
2000-04,20,311.6,,,2000,04,15.580000000000002,
2000-05,10,96.8,,,2000,05,9.68,
2000-06,16,157.5,,,2000,06,9.84375,
2000-07,12,116.1,,,2000,07,9.674999999999999,
2000-08,18,113.5,,,2000,08,6.305555555555555,
2000-09,12,81.1,,,2000,09,6.758333333333333,
2000-10,14,120.9,,,2000,10,8.635714285714286,
2000-11,21,385.7,,,2000,11,18.366666666666667,
2000-12,18,236.0,,,2000,12,13.11111111111111,
2001-01,21,425.8,,,2001,01,20.276190476190475,
2001-02,11,86.6,,,2001,02,7.872727272727272,
2001-03,20,297.3,,,2001,03,14.865,
2001-04,18,203.3,,,2001,04,11.294444444444444,
2001-05,12,164.9,,,2001,05,13.741666666666667,
2001-06,11,137.1,,,2001,06,12.463636363636363,
2001-07,9,111.3,,,2001,07,12.366666666666667,
2001-08,14,158.3,,,2001,08,11.307142857142859,
2001-09,13,162.0,,,2001,09,12.461538461538462,
2001-10,20,252.2,,,2001,10,12.61,
2001-11,15,175.3,,,2001,11,11.686666666666667,
2001-12,20,609.0,,,2001,12,30.45,
2002-01,11,221.2,,,2002,01,20.10909090909091,
2002-02,2,50.8,,,2002,02,25.4,
2002-03,8,55.6,,,2002,03,6.95,
2002-04,13,116.5,,,2002,04,8.961538461538462,
2002-05,13,236.6,,,2002,05,18.2,
2002-06,12,83.1,,,2002,06,6.925,
2002-07,11,233.7,,,2002,07,21.245454545454546,
2002-08,14,54.2,,,2002,08,3.8714285714285714,
2002-09,9,124.2,,,2002,09,13.8,
2002-10,7,10.8,,,2002,10,1.542857142857143,
2002-11,15,307.2,,,2002,11,20.48,
2002-12,24,255.0,,,2002,12,10.625,
2003-01,20,444.2,,,2003,01,22.21,
2003-02,13,172.9,,,2003,02,13.3,
2003-03,11,154.6,,,2003,03,14.054545454545455,
2003-04,20,159.9,,,2003,04,7.995,
2003-05,11,81.8,,,2003,05,7.4363636363636365,
2003-06,12,50.3,,,2003,06,4.191666666666666,
2003-07,14,170.4,,,2003,07,12.171428571428573,
2003-08,13,193.6,,,2003,08,14.892307692307693,
2003-09,15,205.3,,,2003,09,13.686666666666667,
2003-10,21,351.4,,,2003,10,16.73333333333333,
2003-11,19,133.8,,,2003,11,7.042105263157896,
2003-12,17,273.0,,,2003,12,16.058823529411764,
2004-01,13,600.9,,,2004,01,46.223076923076924,
2004-02,4,31.9,,,2004,02,7.975,
2004-03,16,269.4,,,2004,03,16.8375,
2004-04,9,57.1,,,2004,04,6.344444444444445,
2004-05,13,137.6,,,2004,05,10.584615384615384,
2004-06,8,127.2,,,2004,06,15.9,
2004-07,20,166.6,,,2004,07,8.33,
2004-08,8,185.2,,,2004,08,23.15,
2004-09,14,128.9,,,2004,09,9.207142857142857,
2004-10,13,125.6,,,2004,10,9.661538461538461,
2004-11,15,166.2,,,2004,11,11.08,
2004-12,14,139.8,,,2004,12,9.985714285714286,
2005-01,8,163.2,,,2005,01,20.4,
2005-02,3,8.4,,,2005,02,2.8000000000000003,
2005-03,12,82.4,,,2005,03,6.866666666666667,
2005-04,10,81.7,,,2005,04,8.17,
2005-05,20,331.1,,,2005,05,16.555,
2005-06,15,82.3,,,2005,06,5.486666666666666,
2005-07,15,104.0,,,2005,07,6.933333333333334,
2005-08,13,58.5,,,2005,08,4.5,
2005-09,18,175.7,,,2005,09,9.761111111111111,
2005-10,19,314.5,,,2005,10,16.55263157894737,
2005-11,23,362.9,,,2005,11,15.778260869565216,
2005-12,19,166.0,,,2005,12,8.736842105263158,
2006-01,20,454.4,,,2006,01,22.72,
2006-02,8,115.5,,,2006,02,14.4375,
2006-03,9,83.1,,,2006,03,9.233333333333333,
2006-04,18,239.8,,,2006,04,13.322222222222223,
2006-05,14,205.7,,,2006,05,14.692857142857141,
2006-06,16,236.8,,,2006,06,14.8,
2006-07,15,153.8,,,2006,07,10.253333333333334,
2006-08,14,127.3,,,2006,08,9.092857142857143,
2006-09,12,83.3,,,2006,09,6.941666666666666,
2006-10,8,102.0,,,2006,10,12.75,
2006-11,18,185.6,,,2006,11,10.31111111111111,
2006-12,22,765.9,,,2006,12,34.81363636363636,
2007-01,20,450.1,,,2007,01,22.505000000000003,
2007-02,3,105.5,,,2007,02,35.166666666666664,
2007-03,21,269.1,,,2007,03,12.814285714285715,
2007-04,14,240.2,,,2007,04,17.157142857142855,
2007-05,16,127.2,,,2007,05,7.95,
2007-06,12,139.0,,,2007,06,11.583333333333334,
2007-07,19,141.7,,,2007,07,7.457894736842104,
2007-08,20,190.7,,,2007,08,9.535,
2007-09,13,149.0,,,2007,09,11.461538461538462,
2007-10,16,237.2,,,2007,10,14.825,
2007-11,21,367.9,,,2007,11,17.51904761904762,
2007-12,20,468.6,,,2007,12,23.43,
2008-01,19,262.6,15.0,735.0,2008,01,13.821052631578949,750.0
2008-02,8,129.2,17.0,589.0,2008,02,16.15,606.0
2008-03,16,294.1,18.0,695.0,2008,03,18.38125,713.0
2008-04,13,87.2,21.0,697.0,2008,04,6.707692307692308,718.0
2008-05,11,124.9,21.0,685.0,2008,05,11.354545454545455,706.0
2008-06,12,118.3,17.0,697.0,2008,06,9.858333333333333,714.0
2008-07,15,89.1,18.0,742.0,2008,07,5.9399999999999995,760.0
2008-08,18,327.3,17.0,740.0,2008,08,18.183333333333334,757.0
2008-09,18,164.4,17.0,730.0,2008,09,9.133333333333333,747.0
2008-10,19,159.5,14.0,721.0,2008,10,8.394736842105264,735.0
2008-11,16,324.3,16.0,660.0,2008,11,20.26875,676.0
2008-12,17,244.2,21.0,687.0,2008,12,14.36470588235294,708.0
2009-01,5,38.3,13.0,696.0,2009,01,7.659999999999999,709.0
2009-02,8,201.8,11.0,649.0,2009,02,25.225,660.0
2009-03,19,223.3,11.0,701.0,2009,03,11.75263157894737,712.0
2009-04,12,183.7,13.0,691.0,2009,04,15.308333333333332,704.0
2009-05,17,198.6,16.0,703.0,2009,05,11.68235294117647,719.0
2009-06,8,21.8,10.0,683.0,2009,06,2.725,693.0
2009-07,16,161.0,16.0,691.0,2009,07,10.0625,707.0
2009-08,12,177.8,13.0,738.0,2009,08,14.816666666666668,751.0
2009-09,13,109.6,18.0,669.0,2009,09,8.430769230769231,687.0
2009-10,15,133.4,13.0,751.0,2009,10,8.893333333333334,764.0
2009-11,23,281.8,16.0,756.0,2009,11,12.252173913043478,772.0
2009-12,18,189.8,23.0,706.0,2009,12,10.544444444444444,729.0
2010-01,10,69.5,17.0,663.0,2010,01,6.95,680.0
2010-02,4,6.3,7.0,658.0,2010,02,1.575,665.0
2010-03,11,238.0,22.0,758.0,2010,03,21.636363636363637,780.0
2010-04,18,158.5,18.0,708.0,2010,04,8.805555555555555,726.0
2010-05,17,157.5,18.0,759.0,2010,05,9.264705882352942,777.0
2010-06,19,240.5,15.0,651.0,2010,06,12.657894736842104,666.0
2010-07,18,298.5,16.0,747.0,2010,07,16.583333333333332,763.0
2010-08,16,158.4,20.0,791.0,2010,08,9.9,811.0
2010-09,13,121.5,14.0,738.0,2010,09,9.346153846153847,752.0
2010-10,17,166.2,13.0,773.0,2010,10,9.776470588235293,786.0
2010-11,21,278.8,14.0,730.0,2010,11,13.276190476190477,744.0
2010-12,14,181.4,14.0,644.0,2010,12,12.957142857142857,658.0
2011-01,17,513.2,20.0,779.0,2011,01,30.18823529411765,799.0
2011-02,8,23.0,15.0,619.0,2011,02,2.875,634.0
2011-03,22,256.6,17.0,692.0,2011,03,11.663636363636364,709.0
2011-04,12,217.8,16.0,712.0,2011,04,18.150000000000002,728.0
2011-05,15,127.0,15.0,680.0,2011,05,8.466666666666667,695.0
2011-06,15,213.0,15.0,658.0,2011,06,14.2,673.0
2011-07,7,76.6,19.0,711.0,2011,07,10.942857142857141,730.0
2011-08,13,81.4,19.0,719.0,2011,08,6.261538461538462,738.0
2011-09,14,136.4,15.0,722.0,2011,09,9.742857142857144,737.0
2011-10,20,216.8,19.0,725.0,2011,10,10.84,744.0
2011-11,24,377.8,11.0,694.0,2011,11,15.741666666666667,705.0
2011-12,21,284.6,11.0,694.0,2011,12,13.552380952380954,705.0
2012-01,16,106.1,16.0,675.0,2012,01,6.63125,691.0
2012-02,11,83.6,16.0,691.0,2012,02,7.6,707.0
2012-03,21,313.4,14.0,694.0,2012,03,14.923809523809522,708.0
2012-04,20,260.6,15.0,662.0,2012,04,13.030000000000001,677.0
2012-05,19,292.0,9.0,677.0,2012,05,15.368421052631579,686.0
2012-06,8,53.0,10.0,567.0,2012,06,6.625,577.0
2012-07,17,130.8,9.0,681.0,2012,07,7.694117647058825,690.0
2012-08,12,119.0,15.0,708.0,2012,08,9.916666666666666,723.0
2012-09,10,107.6,10.0,674.0,2012,09,10.76,684.0
2012-10,13,122.2,15.0,666.0,2012,10,9.4,681.0
2012-11,22,208.2,14.0,656.0,2012,11,9.463636363636363,670.0
2012-12,22,363.4,19.0,671.0,2012,12,16.518181818181816,690.0
2013-01,15,262.0,16.0,675.0,2013,01,17.466666666666665,691.0
2013-02,22,395.2,19.0,593.0,2013,02,17.963636363636365,612.0
2013-03,10,85.8,12.0,628.0,2013,03,8.58,640.0
2013-04,19,159.4,10.0,655.0,2013,04,8.389473684210527,665.0
2013-05,17,211.4,13.0,629.0,2013,05,12.435294117647059,642.0
2013-06,12,111.4,16.0,581.0,2013,06,9.283333333333333,597.0
2013-07,15,174.6,11.0,628.0,2013,07,11.639999999999999,639.0
2013-08,15,165.6,9.0,647.0,2013,08,11.04,656.0
2013-09,19,257.0,7.0,642.0,2013,09,13.526315789473685,649.0
2013-10,19,285.4,9.0,664.0,2013,10,15.021052631578947,673.0
2013-11,22,292.4,16.0,629.0,2013,11,13.29090909090909,645.0
2013-12,21,348.2,12.0,627.0,2013,12,16.58095238095238,639.0
2014-01,5,75.4,15.0,661.0,2014,01,15.080000000000002,676.0
2014-02,1,0.2,17.0,541.0,2014,02,0.2,558.0
2014-03,6,66.0,11.0,593.0,2014,03,11.0,604.0
2014-04,17,110.0,13.0,626.0,2014,04,6.470588235294118,639.0
2014-05,18,125.8,18.0,666.0,2014,05,6.988888888888889,684.0
2014-06,11,71.4,11.0,646.0,2014,06,6.490909090909091,657.0
2014-07,15,148.6,12.0,692.0,2014,07,9.906666666666666,704.0
2014-08,20,241.0,9.0,759.0,2014,08,12.05,768.0
2014-09,9,83.6,16.0,651.0,2014,09,9.288888888888888,667.0
2014-10,10,120.0,11.0,664.0,2014,10,12.0,675.0
2014-11,23,250.8,7.0,669.0,2014,11,10.904347826086957,676.0
2014-12,17,245.6,10.0,641.0,2014,12,14.447058823529412,651.0
2015-01,6,79.6,12.0,626.0,2015,01,13.266666666666666,638.0
2015-02,6,18.8,14.0,634.0,2015,02,3.1333333333333333,648.0
2015-03,5,84.4,12.0,758.0,2015,03,16.880000000000003,770.0
2015-04,13,73.2,15.0,630.0,2015,04,5.630769230769231,645.0
2015-05,12,89.0,7.0,680.0,2015,05,7.416666666666667,687.0
2015-06,10,95.8,15.0,631.0,2015,06,9.58,646.0
2015-07,13,116.8,11.0,703.0,2015,07,8.984615384615385,714.0
2015-08,11,185.8,12.0,682.0,2015,08,16.89090909090909,694.0
2015-09,8,61.6,12.0,614.0,2015,09,7.7,626.0
2015-10,9,87.2,13.0,673.0,2015,10,9.68888888888889,686.0
2015-11,13,72.6,14.0,698.0,2015,11,5.584615384615384,712.0
2015-12,19,302.3,11.0,729.0,2015,12,15.910526315789474,740.0
2016-01,15,126.6,13.0,690.0,2016,01,8.44,703.0
2016-02,10,186.0,8.0,689.0,2016,02,18.6,697.0
2016-03,6,6.2,10.0,656.0,2016,03,1.0333333333333334,666.0
2016-04,14,89.8,13.0,671.0,2016,04,6.414285714285714,684.0
2016-05,12,193.8,11.0,684.0,2016,05,16.150000000000002,695.0
2016-06,13,162.8,11.0,644.0,2016,06,12.523076923076925,655.0
2016-07,20,168.6,16.0,730.0,2016,07,8.43,746.0
2016-08,15,139.2,12.0,782.0,2016,08,9.28,794.0
2016-09,15,118.9,8.0,660.0,2016,09,7.926666666666667,668.0
2016-10,16,181.0,14.0,726.0,2016,10,11.3125,740.0
2016-11,20,290.2,11.0,742.0,2016,11,14.51,753.0
2016-12,23,292.6,13.0,630.0,2016,12,12.721739130434784,643.0
2017-01,21,197.6,8.0,681.0,2017,01,9.40952380952381,689.0
2017-02,15,158.4,11.0,581.0,2017,02,10.56,592.0
2017-03,11,136.2,8.0,668.0,2017,03,12.381818181818181,676.0
2017-04,21,208.6,10.0,664.0,2017,04,9.933333333333334,674.0
2017-05,15,190.0,13.0,628.0,2017,05,12.666666666666666,641.0
2017-06,10,106.0,9.0,627.0,2017,06,10.6,636.0
2017-07,9,79.6,7.0,679.0,2017,07,8.844444444444443,686.0
2017-08,18,84.2,16.0,647.0,2017,08,4.677777777777778,663.0
2017-09,19,124.4,10.0,619.0,2017,09,6.5473684210526315,629.0
2017-10,18,120.8,3.0,616.0,2017,10,6.711111111111111,619.0
2017-11,24,268.6,14.0,672.0,2017,11,11.191666666666668,686.0
2017-12,23,371.2,8.0,644.0,2017,12,16.139130434782608,652.0
2018-01,25,287.0,10.0,703.0,2018,01,11.48,713.0
2018-02,5,14.8,12.0,606.0,2018,02,2.96,618.0
2018-03,10,44.6,6.0,662.0,2018,03,4.46,668.0
2018-04,14,61.2,10.0,638.0,2018,04,4.371428571428572,648.0
2018-05,19,132.2,9.0,605.0,2018,05,6.957894736842104,614.0
2018-06,17,182.6,10.0,644.0,2018,06,10.741176470588234,654.0
2018-07,10,143.2,11.0,615.0,2018,07,14.319999999999999,626.0
2018-08,11,121.6,9.0,658.0,2018,08,11.054545454545455,667.0
2018-09,13,144.4,9.0,609.0,2018,09,11.107692307692307,618.0
2018-10,18,234.4,12.0,630.0,2018,10,13.022222222222222,642.0
2018-11,27,169.6,8.0,702.0,2018,11,6.281481481481482,710.0
2018-12,19,172.6,14.0,618.0,2018,12,9.08421052631579,632.0
2019-01,9,63.6,8.0,669.0,2019,01,7.066666666666666,677.0
2019-02,5,31.6,9.0,572.0,2019,02,6.32,581.0
2019-03,6,72.2,13.0,611.0,2019,03,12.033333333333333,624.0
2019-04,9,174.8,12.0,623.0,2019,04,19.422222222222224,635.0
2019-05,13,69.0,6.0,654.0,2019,05,5.3076923076923075,660.0
2019-06,16,173.8,11.0,644.0,2019,06,10.8625,655.0
2019-07,8,12.2,9.0,678.0,2019,07,1.525,687.0
2019-08,6,11.8,4.0,618.0,2019,08,1.9666666666666668,622.0
2019-09,4,22.8,10.0,649.0,2019,09,5.7,659.0
2019-10,15,176.8,9.0,683.0,2019,10,11.786666666666667,692.0
2019-11,15,137.4,15.0,661.0,2019,11,9.16,676.0
2019-12,14,421.5,11.0,643.0,2019,12,30.107142857142858,654.0
2020-01,6,88.4,11.0,636.0,2020,01,14.733333333333334,647.0
2020-02,8,65.0,9.0,480.0,2020,02,8.125,489.0
2020-03,8,108.8,10.0,510.0,2020,03,13.6,520.0
2020-04,12,188.0,10.0,286.0,2020,04,15.666666666666666,296.0
2020-05,16,255.6,2.0,260.0,2020,05,15.975,262.0
2020-06,21,233.8,7.0,358.0,2020,06,11.133333333333335,365.0
2020-07,22,140.8,3.0,476.0,2020,07,6.4,479.0
2020-08,12,103.4,9.0,428.0,2020,08,8.616666666666667,437.0
2020-09,18,150.2,4.0,472.0,2020,09,8.344444444444443,476.0
2020-10,16,78.8,5.0,507.0,2020,10,4.925,512.0
2020-11,19,220.6,6.0,479.0,2020,11,11.610526315789473,485.0
2020-12,20,253.2,4.0,584.0,2020,12,12.66,588.0
2021-01,17,692.8,7.0,549.0,2021,01,40.752941176470586,556.0
2021-02,2,1.0,8.0,467.0,2021,02,0.5,475.0
2021-03,14,182.4,14.0,526.0,2021,03,13.028571428571428,540.0
2021-04,14,290.4,5.0,494.0,2021,04,20.74285714285714,499.0
2021-05,13,245.8,12.0,458.0,2021,05,18.907692307692308,470.0
2021-06,20,93.4,6.0,466.0,2021,06,4.67,472.0
2021-07,12,195.8,8.0,466.0,2021,07,16.316666666666666,474.0
2021-08,24,293.6,6.0,528.0,2021,08,12.233333333333334,534.0
2021-09,14,205.4,6.0,527.0,2021,09,14.671428571428573,533.0
2021-10,14,177.0,6.0,434.0,2021,10,12.642857142857142,440.0
2021-11,23,312.4,10.0,511.0,2021,11,13.582608695652173,521.0
2021-12,15,119.6,12.0,513.0,2021,12,7.973333333333333,525.0
2022-01,9,99.8,,,2022,01,11.088888888888889,
2022-02,16,175.0,,,2022,02,10.9375,
2022-03,21,163.2,,,2022,03,7.7714285714285705,
2022-04,18,239.6,,,2022,04,13.31111111111111,
2022-05,12,102.0,,,2022,05,8.5,
2022-06,17,211.8,,,2022,06,12.458823529411765,
2022-07,16,145.2,,,2022,07,9.075,
2022-08,15,141.4,,,2022,08,9.426666666666668,
